b981b59e-8dc5-4f2d-9388-21299a258232,Kara Hoppe V,838,PYn5igYMYKj7T6l
0e3f8e89-73b0-40e3-88a7-046f795e3ad5,Ralph Stamm,531,Bwu2MV_Kjn0b_X6
4952d0a3-4188-49c5-8da0-10fcbc4e162b,Kristopher Schuster,238,vByYx11zgrwIWL3
e81dd974-3dfd-406f-9519-7f30dbbc1acf,Benny Luettgen,682,Zg5ysjpeWPU91xn
32d1e9c8-c049-4581-af47-808c77458155,Mathew Christiansen,926,xCBJ6NV_R9tiMto
8dc6ca9f-4cf3-424c-aa18-13ecd0fa904b,Omar Zboncak IV,166,2QIiZwEdzgZfo8C
f0bfba4a-2a9f-454b-8449-6d43b002ce77,Pablo Crist,611,WcduAfdYsn3LMyR
c9a284af-992a-4586-9bbe-55b30ed89cf0,Guadalupe Kunde,688,bHYKceE0Zcgy3OU
553eae6d-3a2a-4393-80af-f28ea8958b62,Cory Murazik,500,Hd7E1WQdsDUJ2Ds
c123e2f7-8c8e-4889-82d8-61fc057be6f4,Joanna Cruickshank,801,GMZX_47x7X4rC05
a26590ac-8e41-4540-a04b-d9f963c2f48c,Veronica Morissette,502,Gfz9JDA_wwcDqOW
b4c485c8-6726-4717-a750-c5948da17dd6,Dr. Ann Fadel,690,0i8qkhG1nJ2FkFU
19100d0e-1e67-45c9-900f-243a8fbd220d,Betty Koss,798,l5vWi9T6P09kgxv
dd64b5fd-10ae-4ac5-bc4a-f3bc6599bb3c,Willie Reinger,256,GQfK7ps5hMCnA1z
e68e05f2-389b-4bee-956d-6f5734a929c3,Ignacio Baumbach,995,NLSRfNVxd7njk_B
fb4c1e87-d841-4f61-abc1-213e0a1e2e29,Margie Reynolds,379,SiBPzVojFdGq5LK
